,Position,AvgFinishes,Round,Year,CumulativePoints,TeamAvgFinish,TeamRollingAvg,PointsShifted
0,1.0,10.5,1,2024,0.0,1.5,10.5,10.5
1,2.0,10.5,1,2024,0.0,1.5,1.5,10.5
2,3.0,10.5,1,2024,0.0,3.5,10.5,10.5
3,4.0,10.5,1,2024,0.0,3.5,3.5,10.5
4,5.0,10.5,1,2024,0.0,6.0,10.5,10.5
5,6.0,10.5,1,2024,0.0,7.0,10.5,10.5
6,7.0,10.5,1,2024,0.0,6.0,6.0,10.5
7,8.0,10.5,1,2024,0.0,7.0,7.0,10.5
8,9.0,10.5,1,2024,0.0,9.5,10.5,10.5
9,10.0,10.5,1,2024,0.0,9.5,9.5,10.5
10,11.0,10.5,1,2024,0.0,15.0,10.5,10.5
11,12.0,10.5,1,2024,0.0,14.0,10.5,10.5
12,13.0,10.5,1,2024,0.0,13.5,10.5,10.5
13,14.0,10.5,1,2024,0.0,13.5,13.5,10.5
14,15.0,10.5,1,2024,0.0,17.5,10.5,10.5
15,16.0,10.5,1,2024,0.0,14.0,14.0,10.5
16,17.0,10.5,1,2024,0.0,17.5,10.5,10.5
17,18.0,10.5,1,2024,0.0,17.5,17.5,10.5
18,19.0,10.5,1,2024,0.0,15.0,15.0,10.5
19,20.0,10.5,1,2024,0.0,17.5,17.5,10.5
20,1.0,1.0,2,2024,26.0,1.5,1.5,26.0
21,2.0,1.5,2,2024,18.0,1.5,1.5,18.0
22,3.0,2.3333333333333335,2,2024,12.0,5.0,3.5,12.0
23,4.0,4.666666666666667,2,2024,4.0,6.0,7.0,4.0
24,5.0,7.0,2,2024,2.0,12.0,9.5,2.0
25,6.0,7.333333333333333,2,2024,10.0,7.5,6.0,10.0
26,7.0,7.0,2,2024,0.0,5.0,4.0,10.5
27,8.0,5.5,2,2024,8.0,6.0,6.666666666666667,8.0
28,9.0,6.5,2,2024,6.0,7.5,6.5,6.0
29,10.0,9.666666666666666,2,2024,0.0,11.0,14.0,0.0
30,11.0,12.666666666666666,2,2024,0.0,12.5,17.5,0.0
31,12.0,14.333333333333334,2,2024,0.0,11.0,13.0,0.0
32,13.0,14.666666666666666,2,2024,0.0,16.5,17.5,0.0
33,14.0,16.333333333333332,2,2024,0.0,12.5,15.833333333333334,0.0
34,15.0,17.0,2,2024,0.0,15.5,13.5,0.0
35,16.0,15.666666666666666,2,2024,0.0,15.5,14.166666666666666,0.0
36,17.0,15.333333333333334,2,2024,0.0,17.5,15.0,0.0
37,18.0,14.333333333333334,2,2024,0.0,17.5,15.833333333333334,0.0
38,19.0,13.333333333333334,2,2024,1.0,12.0,10.333333333333334,1.0
39,20.0,13.0,2,2024,0.0,16.5,17.166666666666668,0.0
40,1.0,10.333333333333334,3,2024,15.0,1.5,4.5,15.0
41,2.0,8.0,3,2024,28.0,1.5,3.8333333333333335,16.0
42,3.0,4.666666666666667,3,2024,12.0,3.5,6.333333333333333,4.0
43,4.0,5.0,3,2024,16.0,3.5,5.166666666666667,12.0
44,5.0,4.666666666666667,3,2024,36.0,12.0,1.5,18.0
45,6.0,8.333333333333334,3,2024,1.0,7.0,11.166666666666666,0.0
46,7.0,12.0,3,2024,0.0,9.5,14.833333333333334,0.0
47,8.0,13.0,3,2024,12.0,7.0,10.333333333333334,10.0
48,9.0,10.0,3,2024,1.0,9.5,12.0,1.0
49,10.0,9.0,3,2024,0.0,9.5,10.5,0.0
50,11.0,11.0,3,2024,0.0,11.0,14.166666666666666,0.0
51,12.0,13.0,3,2024,0.0,9.5,13.5,0.0
52,13.0,15.666666666666666,3,2024,0.0,14.5,16.833333333333332,0.0
53,14.0,17.666666666666668,3,2024,0.0,14.5,16.666666666666668,0.0
54,15.0,18.333333333333332,3,2024,0.0,14.5,16.5,0.0
55,16.0,16.0,3,2024,0.0,14.5,15.833333333333334,0.0
56,17.0,12.333333333333334,3,2024,18.0,17.5,7.0,8.0
57,18.0,9.333333333333334,3,2024,8.0,17.5,10.833333333333334,2.0
58,19.0,5.333333333333333,3,2024,51.0,12.0,5.0,25.0
59,1.0,9.666666666666666,4,2024,51.0,1.5,8.5,0.0
60,2.0,8.333333333333334,4,2024,46.0,1.5,8.5,10.0
61,3.0,8.333333333333334,4,2024,40.0,3.5,2.6666666666666665,25.0
62,4.0,2.6666666666666665,4,2024,47.0,3.5,2.1666666666666665,19.0
63,5.0,2.0,4,2024,27.0,6.5,4.333333333333333,15.0
64,6.0,4.333333333333333,4,2024,16.0,9.0,8.666666666666666,4.0
65,7.0,9.333333333333334,4,2024,18.0,8.0,14.166666666666666,0.0
66,8.0,9.666666666666666,4,2024,28.0,6.5,4.5,12.0
67,9.0,13.0,4,2024,8.0,8.0,14.333333333333334,0.0
68,10.0,9.666666666666666,4,2024,6.0,14.5,11.5,6.0
69,11.0,11.333333333333334,4,2024,3.0,12.0,10.0,2.0
70,12.0,7.333333333333333,4,2024,9.0,9.0,7.666666666666667,8.0
71,13.0,8.333333333333334,4,2024,1.0,12.0,10.333333333333334,1.0
72,14.0,10.0,4,2024,0.0,16.0,15.5,0.0
73,15.0,13.333333333333334,4,2024,0.0,15.5,15.166666666666666,0.0
74,16.0,14.333333333333334,4,2024,0.0,15.5,14.833333333333334,0.0
75,17.0,14.333333333333334,4,2024,0.0,18.5,12.0,0.0
76,18.0,14.0,4,2024,0.0,16.0,15.0,0.0
77,19.0,13.666666666666666,4,2024,0.0,14.5,11.166666666666666,0.0
78,20.0,12.666666666666666,4,2024,0.0,18.5,14.0,0.0
79,1.0,8.0,5,2024,77.0,2.0,5.0,26.0
80,2.0,5.666666666666667,5,2024,37.0,5.0,5.5,10.0
81,3.0,2.6666666666666665,5,2024,64.0,2.0,1.6666666666666667,18.0
82,4.0,3.6666666666666665,5,2024,59.0,4.5,2.8333333333333335,12.0
83,5.0,3.0,5,2024,55.0,4.5,3.8333333333333335,15.0
84,6.0,4.666666666666667,5,2024,24.0,7.5,11.166666666666666,6.0
85,7.0,5.333333333333333,5,2024,24.0,11.0,8.333333333333334,8.0
86,8.0,7.0,5,2024,32.0,5.0,6.0,4.0
87,9.0,7.666666666666667,5,2024,10.0,7.5,7.833333333333333,2.0
88,10.0,9.333333333333334,5,2024,3.0,13.0,11.166666666666666,0.0
89,11.0,11.666666666666666,5,2024,0.0,12.0,15.166666666666666,0.0
90,12.0,15.333333333333334,5,2024,0.0,14.5,16.0,0.0
91,13.0,17.0,5,2024,0.0,12.0,14.333333333333334,0.0
92,14.0,18.0,5,2024,0.0,17.0,15.5,0.0
93,15.0,15.333333333333334,5,2024,9.0,11.0,9.666666666666666,0.0
94,16.0,14.333333333333334,5,2024,1.0,13.0,12.333333333333334,0.0
95,17.0,14.0,5,2024,0.0,14.5,17.166666666666668,0.0
96,18.0,16.333333333333332,5,2024,0.0,18.5,12.833333333333334,0.0
97,19.0,15.333333333333334,5,2024,7.0,18.5,15.833333333333334,1.0
98,20.0,14.333333333333334,5,2024,0.0,17.0,16.333333333333332,0.0
99,1.0,8.666666666666666,6,2024,55.0,7.0,5.5,18.0
100,2.0,5.666666666666667,6,2024,102.0,3.0,1.8333333333333333,25.0
101,3.0,2.3333333333333335,6,2024,71.0,4.0,4.166666666666667,12.0
102,4.0,2.6666666666666665,6,2024,79.0,3.0,2.3333333333333335,15.0
103,5.0,4.0,6,2024,65.0,4.0,4.333333333333333,10.0
104,6.0,5.666666666666667,6,2024,12.0,7.0,7.666666666666667,2.0
105,7.0,11.0,6,2024,7.0,11.0,17.166666666666668,0.0
106,8.0,11.333333333333334,6,2024,32.0,7.0,7.333333333333333,8.0
107,9.0,10.666666666666666,6,2024,31.0,13.0,10.333333333333334,7.0
108,10.0,8.0,6,2024,0.0,11.0,13.166666666666666,0.0
109,11.0,9.333333333333334,6,2024,4.0,15.0,12.666666666666666,1.0
110,12.0,11.333333333333334,6,2024,0.0,11.0,11.666666666666666,0.0
111,13.0,10.333333333333334,6,2024,36.0,7.0,5.666666666666667,4.0
112,14.0,11.666666666666666,6,2024,0.0,15.0,16.666666666666668,0.0
113,15.0,13.333333333333334,6,2024,0.0,11.0,16.0,0.0
114,16.0,17.333333333333332,6,2024,0.0,15.0,16.333333333333332,0.0
115,17.0,17.666666666666668,6,2024,9.0,13.0,11.666666666666666,0.0
116,18.0,15.666666666666666,6,2024,0.0,19.0,15.833333333333334,0.0
117,19.0,14.333333333333334,6,2024,1.0,15.0,13.666666666666666,0.0
118,20.0,15.0,6,2024,0.0,19.0,16.0,0.0
119,1.0,11.666666666666666,7,2024,120.0,4.5,2.6666666666666665,18.0
120,2.0,6.666666666666667,7,2024,80.0,3.0,6.333333333333333,25.0
121,3.0,2.0,7,2024,86.0,4.0,4.166666666666667,15.0
122,4.0,5.666666666666667,7,2024,36.0,3.0,5.666666666666667,0.0
123,5.0,7.0,7,2024,75.0,4.0,4.0,10.0
124,6.0,8.0,7,2024,20.0,6.5,7.166666666666667,8.0
125,7.0,6.333333333333333,7,2024,36.0,6.5,6.833333333333333,4.0
126,8.0,6.0,7,2024,91.0,4.5,3.5,12.0
127,9.0,9.666666666666666,7,2024,9.0,14.0,12.333333333333334,0.0
128,10.0,9.333333333333334,7,2024,13.0,11.5,13.5,6.0
129,11.0,11.666666666666666,7,2024,4.0,11.5,14.333333333333334,0.0
130,12.0,12.333333333333334,7,2024,1.0,11.5,13.833333333333334,0.0
131,13.0,15.0,7,2024,0.0,11.5,11.166666666666666,0.0
132,14.0,14.666666666666666,7,2024,1.0,15.0,11.333333333333334,1.0
133,15.0,13.0,7,2024,0.0,16.5,15.666666666666666,0.0
134,16.0,12.0,7,2024,0.0,15.0,12.333333333333334,0.0
135,17.0,15.333333333333334,7,2024,0.0,18.5,17.5,0.0
136,18.0,16.0,7,2024,0.0,16.5,15.5,0.0
137,19.0,15.0,7,2024,33.0,14.0,13.333333333333334,2.0
138,20.0,14.333333333333334,7,2024,0.0,18.5,18.833333333333332,0.0
139,1.0,10.0,8,2024,101.0,2.0,4.0,15.0
140,2.0,8.333333333333334,8,2024,48.0,3.0,4.333333333333333,12.0
141,3.0,4.0,8,2024,85.0,2.0,3.3333333333333335,10.0
142,4.0,3.6666666666666665,8,2024,98.0,3.0,3.0,18.0
143,5.0,4.666666666666667,8,2024,43.0,6.0,6.666666666666667,7.0
144,6.0,3.3333333333333335,8,2024,145.0,12.0,4.0,25.0
145,7.0,4.666666666666667,8,2024,28.0,6.0,6.333333333333333,8.0
146,8.0,5.666666666666667,8,2024,14.0,10.0,11.333333333333334,1.0
147,9.0,12.0,8,2024,0.0,12.0,18.666666666666668,0.0
148,10.0,15.333333333333334,8,2024,0.0,13.5,13.666666666666666,0.0
149,11.0,18.333333333333332,8,2024,33.0,12.5,13.666666666666666,0.0
150,12.0,16.0,8,2024,0.0,10.0,11.0,0.0
151,13.0,16.666666666666668,8,2024,0.0,14.5,16.0,0.0
152,14.0,13.333333333333334,8,2024,11.0,12.5,13.5,2.0
153,15.0,14.666666666666666,8,2024,0.0,12.0,16.333333333333332,0.0
154,16.0,13.666666666666666,8,2024,0.0,14.5,15.833333333333334,0.0
155,17.0,15.333333333333334,8,2024,1.0,13.5,14.5,0.0
156,18.0,12.333333333333334,8,2024,95.0,12.0,7.0,4.0
157,19.0,11.0,8,2024,4.0,19.5,12.666666666666666,0.0
158,20.0,10.333333333333334,8,2024,1.0,19.5,14.166666666666666,0.0
159,1.0,9.666666666666666,9,2024,153.0,9.5,9.5,8.0
160,2.0,7.333333333333333,9,2024,110.0,3.5,3.0,12.0
161,3.0,5.0,9,2024,53.0,3.5,6.166666666666667,10.0
162,4.0,5.333333333333333,9,2024,35.0,3.5,5.166666666666667,7.0
163,5.0,4.666666666666667,9,2024,66.0,3.5,3.1666666666666665,18.0
164,6.0,6.666666666666667,9,2024,33.0,6.5,13.0,0.0
165,7.0,9.0,9,2024,11.0,6.5,10.5,0.0
166,8.0,12.333333333333334,9,2024,0.0,11.0,10.5,0.0
167,9.0,12.0,9,2024,1.0,9.5,14.0,1.0
168,10.0,13.0,9,2024,1.0,9.5,12.166666666666666,0.0
169,11.0,15.333333333333334,9,2024,4.0,11.5,16.833333333333332,0.0
170,12.0,18.666666666666668,9,2024,1.0,11.5,16.833333333333332,0.0
171,13.0,17.333333333333332,9,2024,0.0,14.0,15.166666666666666,0.0
172,14.0,13.666666666666666,9,2024,18.0,11.0,10.333333333333334,4.0
173,15.0,12.333333333333334,9,2024,0.0,14.0,14.333333333333334,0.0
174,16.0,9.0,9,2024,100.0,17.5,2.6666666666666665,15.0
175,17.0,9.333333333333334,9,2024,2.0,18.5,14.166666666666666,2.0
176,18.0,10.0,9,2024,95.0,9.5,11.166666666666666,0.0
177,19.0,9.333333333333334,9,2024,126.0,17.5,7.166666666666667,25.0
178,20.0,11.333333333333334,9,2024,0.0,18.5,14.166666666666666,0.0
179,1.0,5.666666666666667,10,2024,178.0,4.5,10.333333333333334,25.0
180,2.0,6.0,10,2024,128.0,4.5,3.3333333333333335,18.0
181,3.0,2.3333333333333335,10,2024,48.0,3.5,4.333333333333333,13.0
182,4.0,3.0,10,2024,68.0,3.5,3.5,15.0
183,5.0,8.666666666666666,10,2024,126.0,5.5,12.333333333333334,0.0
184,6.0,12.666666666666666,10,2024,100.0,5.5,13.5,0.0
185,7.0,13.333333333333334,10,2024,76.0,4.5,3.8333333333333335,10.0
186,8.0,13.0,10,2024,95.0,4.5,7.833333333333333,0.0
187,9.0,10.666666666666666,10,2024,3.0,9.5,10.833333333333334,2.0
188,10.0,12.333333333333334,10,2024,2.0,9.5,9.5,1.0
189,11.0,10.0,10,2024,4.0,14.0,14.166666666666666,0.0
190,12.0,9.0,10,2024,41.0,13.0,8.5,8.0
191,13.0,10.666666666666666,10,2024,0.0,14.5,14.166666666666666,0.0
192,14.0,9.333333333333334,10,2024,17.0,13.0,8.666666666666666,6.0
193,15.0,10.0,10,2024,4.0,17.0,10.666666666666666,4.0
194,16.0,9.333333333333334,10,2024,0.0,14.5,14.166666666666666,0.0
195,17.0,11.0,10,2024,1.0,14.0,12.333333333333334,0.0
196,18.0,14.0,10,2024,2.0,19.0,16.333333333333332,0.0
197,19.0,14.333333333333334,10,2024,18.0,17.0,13.0,0.0
198,20.0,17.0,10,2024,0.0,19.0,18.666666666666668,0.0
199,1.0,12.666666666666666,11,2024,80.0,2.5,3.5,12.0
200,2.0,10.333333333333334,11,2024,82.0,11.0,4.166666666666667,6.0
201,3.0,5.666666666666667,11,2024,108.0,7.0,9.5,8.0
202,4.0,5.333333333333333,11,2024,63.0,2.5,3.1666666666666665,15.0
203,5.0,3.3333333333333335,11,2024,203.0,6.0,6.166666666666667,25.0
204,6.0,5.0,11,2024,4.0,7.0,13.166666666666666,0.0
205,7.0,6.666666666666667,11,2024,99.0,6.0,5.0,4.0
206,8.0,12.0,11,2024,1.0,7.0,11.666666666666666,0.0
207,9.0,13.333333333333334,11,2024,4.0,11.5,15.0,0.0
208,10.0,13.666666666666666,11,2024,5.0,11.0,9.5,2.0
209,11.0,9.666666666666666,11,2024,136.0,7.0,6.0,10.0
210,12.0,8.0,11,2024,3.0,11.0,10.0,1.0
211,13.0,9.666666666666666,11,2024,17.0,15.5,10.833333333333334,0.0
212,14.0,14.333333333333334,11,2024,18.0,11.5,15.166666666666666,0.0
213,15.0,17.0,11,2024,2.0,17.0,18.833333333333332,0.0
214,16.0,17.666666666666668,11,2024,0.0,16.5,14.333333333333334,0.0
215,17.0,15.666666666666666,11,2024,0.0,16.5,15.166666666666666,0.0
216,18.0,13.666666666666666,11,2024,41.0,15.5,13.833333333333334,0.0
217,19.0,15.0,11,2024,0.0,17.0,18.333333333333332,0.0
218,20.0,11.333333333333334,11,2024,147.0,11.0,6.666666666666667,19.0
219,1.0,8.666666666666666,12,2024,75.0,10.0,2.8333333333333335,12.0
220,2.0,3.6666666666666665,12,2024,213.0,9.5,5.5,10.0
221,3.0,9.666666666666666,12,2024,147.0,3.5,8.833333333333334,0.0
222,4.0,9.0,12,2024,100.0,3.5,8.5,18.0
223,5.0,8.333333333333334,12,2024,123.0,9.5,6.5,15.0
224,6.0,3.6666666666666665,12,2024,12.0,9.0,9.333333333333334,8.0
225,7.0,7.333333333333333,12,2024,17.0,7.5,14.666666666666666,0.0
226,8.0,12.333333333333334,12,2024,41.0,7.5,12.833333333333334,0.0
227,9.0,15.333333333333334,12,2024,2.0,10.0,17.666666666666668,0.0
228,10.0,15.666666666666666,12,2024,18.0,11.5,13.333333333333334,0.0
229,11.0,16.0,12,2024,0.0,10.0,14.666666666666666,0.0
230,12.0,13.666666666666666,12,2024,5.0,9.0,7.666666666666667,4.0
231,13.0,12.0,12,2024,6.0,11.5,11.5,2.0
232,14.0,9.333333333333334,12,2024,136.0,9.5,7.833333333333333,0.0
233,15.0,12.0,12,2024,0.0,16.5,15.833333333333334,0.0
234,16.0,13.0,12,2024,3.0,18.0,10.5,0.0
235,17.0,11.666666666666666,12,2024,105.0,9.5,7.166666666666667,6.0
236,18.0,12.0,12,2024,0.0,16.5,16.5,0.0
237,19.0,8.333333333333334,12,2024,105.0,10.0,5.0,25.0
238,20.0,9.333333333333334,12,2024,6.0,18.0,13.333333333333334,1.0
239,1.0,5.0,13,2024,112.0,1.5,6.0,12.0
240,2.0,5.666666666666667,13,2024,162.0,1.5,2.8333333333333335,15.0
241,3.0,2.6666666666666665,13,2024,100.0,5.5,7.5,25.0
242,4.0,6.0,13,2024,136.0,5.0,8.666666666666666,0.0
243,5.0,5.666666666666667,13,2024,231.0,6.0,8.333333333333334,18.0
244,6.0,7.0,13,2024,134.0,5.0,8.0,11.0
245,7.0,8.0,13,2024,105.0,6.0,8.333333333333334,0.0
246,8.0,13.666666666666666,13,2024,105.0,5.5,8.5,0.0
247,9.0,15.333333333333334,13,2024,19.0,10.5,11.5,1.0
248,10.0,12.0,13,2024,23.0,10.5,10.166666666666666,6.0
249,11.0,8.333333333333334,13,2024,45.0,10.5,8.5,4.0
250,12.0,9.333333333333334,13,2024,6.0,10.5,11.166666666666666,0.0
251,13.0,9.0,13,2024,20.0,14.0,8.333333333333334,8.0
252,14.0,9.333333333333334,13,2024,4.0,15.5,12.333333333333334,2.0
253,15.0,9.0,13,2024,5.0,14.0,10.666666666666666,0.0
254,16.0,12.0,13,2024,0.0,17.5,16.5,0.0
255,17.0,12.666666666666666,13,2024,0.0,15.5,11.833333333333334,0.0
256,18.0,14.0,13,2024,3.0,19.0,15.666666666666666,0.0
257,19.0,15.0,13,2024,0.0,17.5,16.833333333333332,0.0
258,20.0,18.0,13,2024,6.0,19.0,18.333333333333332,0.0
259,1.0,13.666666666666666,14,2024,115.0,10.5,7.0,15.0
260,2.0,8.0,14,2024,137.0,3.5,2.1666666666666665,25.0
261,3.0,2.6666666666666665,14,2024,148.0,4.5,6.5,12.0
262,4.0,3.3333333333333335,14,2024,241.0,5.5,7.166666666666667,10.0
263,5.0,3.6666666666666665,14,2024,180.0,3.5,2.1666666666666665,18.0
264,6.0,4.333333333333333,14,2024,142.0,4.5,4.833333333333333,8.0
265,7.0,5.0,14,2024,111.0,5.5,5.833333333333333,6.0
266,8.0,8.0,14,2024,45.0,9.5,9.5,0.0
267,9.0,12.0,14,2024,3.0,11.0,18.666666666666668,0.0
268,10.0,13.666666666666666,14,2024,6.0,13.0,10.833333333333334,0.0
269,11.0,13.333333333333334,14,2024,24.0,9.5,10.166666666666666,1.0
270,12.0,12.0,14,2024,4.0,14.5,13.666666666666666,0.0
271,13.0,14.666666666666666,14,2024,6.0,11.0,16.333333333333332,0.0
272,14.0,16.333333333333332,14,2024,5.0,16.0,12.333333333333334,0.0
273,15.0,17.0,14,2024,0.0,17.0,17.166666666666668,0.0
274,16.0,13.333333333333334,14,2024,21.0,13.0,11.333333333333334,2.0
275,17.0,14.0,14,2024,0.0,14.5,15.166666666666666,0.0
276,18.0,13.0,14,2024,20.0,16.0,14.666666666666666,0.0
277,19.0,16.333333333333332,14,2024,0.0,17.0,17.333333333333332,0.0
278,20.0,13.333333333333334,14,2024,110.0,10.5,7.166666666666667,5.0
279,1.0,10.666666666666666,15,2024,190.0,2.5,2.8333333333333335,10.0
280,2.0,5.666666666666667,15,2024,253.0,4.0,5.666666666666667,12.0
281,3.0,4.0,15,2024,163.0,4.0,4.666666666666667,15.0
282,4.0,3.0,15,2024,155.0,2.5,3.1666666666666665,18.0
283,5.0,3.6666666666666665,15,2024,150.0,4.0,4.333333333333333,8.0
284,6.0,5.0,15,2024,118.0,4.0,5.0,7.0
285,7.0,11.0,15,2024,110.0,7.5,8.833333333333334,0.0
286,8.0,9.333333333333334,15,2024,140.0,7.5,9.5,25.0
287,9.0,11.333333333333334,15,2024,6.0,12.0,13.666666666666666,0.0
288,10.0,7.333333333333333,15,2024,49.0,11.5,9.833333333333334,4.0
289,11.0,13.0,15,2024,20.0,14.5,15.333333333333334,0.0
290,12.0,12.0,15,2024,7.0,14.5,12.166666666666666,1.0
291,13.0,13.0,15,2024,24.0,11.5,10.166666666666666,0.0
292,14.0,11.0,15,2024,4.0,15.0,14.833333333333334,0.0
293,15.0,10.666666666666666,15,2024,5.0,12.0,11.333333333333334,2.0
294,16.0,12.666666666666666,15,2024,0.0,15.0,14.666666666666666,0.0
295,17.0,14.0,15,2024,21.0,14.5,13.5,0.0
296,18.0,15.666666666666666,15,2024,5.0,14.5,15.5,0.0
297,19.0,15.0,15,2024,0.0,19.5,17.166666666666668,0.0
298,20.0,16.0,15,2024,0.0,19.5,17.833333333333332,0.0
299,1.0,12.333333333333334,16,2024,178.0,2.5,4.166666666666667,15.0
300,2.0,8.666666666666666,16,2024,167.0,2.5,2.8333333333333335,12.0
301,3.0,2.6666666666666665,16,2024,216.0,2.5,2.5,26.0
302,4.0,3.3333333333333335,16,2024,160.0,2.5,3.5,10.0
303,5.0,4.666666666666667,16,2024,144.0,6.0,8.5,4.0
304,6.0,5.0,16,2024,271.0,7.0,4.5,18.0
305,7.0,5.666666666666667,16,2024,116.0,6.0,7.0,6.0
306,8.0,5.0,16,2024,126.0,7.0,5.0,8.0
307,9.0,9.0,16,2024,4.0,10.5,14.833333333333334,0.0
308,10.0,12.666666666666666,16,2024,5.0,13.5,15.0,0.0
309,11.0,14.0,16,2024,50.0,15.0,10.833333333333334,1.0
310,12.0,14.0,16,2024,0.0,10.5,13.5,10.5
311,13.0,11.0,16,2024,7.0,16.5,14.0,0.0
312,14.0,13.5,16,2024,5.0,14.5,11.666666666666666,0.0
313,15.0,12.0,16,2024,8.0,14.5,12.833333333333334,2.0
314,16.0,14.333333333333334,16,2024,0.0,17.0,18.666666666666668,0.0
315,17.0,13.0,16,2024,20.0,13.5,14.166666666666666,0.0
316,18.0,16.666666666666668,16,2024,0.0,17.0,18.666666666666668,0.0
317,19.0,14.666666666666666,16,2024,24.0,15.0,12.666666666666666,0.0
318,20.0,16.666666666666668,16,2024,21.0,16.5,15.166666666666666,0.0
319,1.0,10.666666666666666,17,2024,185.0,2.5,2.5,18.0
320,2.0,6.666666666666667,17,2024,203.0,10.0,3.0,25.0
321,3.0,3.3333333333333335,17,2024,122.0,6.0,6.5,6.0
322,4.0,3.6666666666666665,17,2024,232.0,2.5,2.5,16.0
323,5.0,5.333333333333333,17,2024,279.0,11.0,6.0,8.0
324,6.0,6.666666666666667,17,2024,50.0,12.5,13.833333333333334,0.0
325,7.0,8.666666666666666,17,2024,6.0,7.5,12.0,2.0
326,8.0,10.666666666666666,17,2024,0.0,7.5,9.5,0.0
327,9.0,8.666666666666666,17,2024,154.0,6.0,6.0,10.0
328,10.0,8.0,17,2024,6.0,10.5,13.833333333333334,6.0
329,11.0,9.666666666666666,17,2024,20.0,10.5,12.5,0.0
330,12.0,13.0,17,2024,8.0,13.5,13.666666666666666,0.0
331,13.0,15.0,17,2024,7.0,16.5,15.833333333333334,0.0
332,14.0,15.333333333333334,17,2024,0.0,15.0,17.833333333333332,0.0
333,15.0,15.0,17,2024,5.0,13.5,14.166666666666666,0.0
334,16.0,16.0,17,2024,0.0,15.0,16.333333333333332,0.0
335,17.0,12.666666666666666,17,2024,130.0,11.0,8.333333333333334,4.0
336,18.0,9.333333333333334,17,2024,172.0,10.0,5.0,12.0
337,19.0,10.333333333333334,17,2024,24.0,12.5,14.166666666666666,0.0
338,20.0,14.333333333333334,17,2024,21.0,16.5,16.5,0.0
339,1.0,14.333333333333334,18,2024,245.0,2.0,2.5,13.0
340,2.0,9.666666666666666,18,2024,289.0,6.0,9.666666666666666,10.0
341,3.0,3.3333333333333335,18,2024,210.0,2.0,2.3333333333333335,25.0
342,4.0,3.0,18,2024,137.0,5.0,6.0,15.0
343,5.0,2.0,18,2024,221.0,6.0,7.5,18.0
344,6.0,4.666666666666667,18,2024,156.0,5.0,5.666666666666667,2.0
345,7.0,9.666666666666666,18,2024,172.0,6.0,8.666666666666666,0.0
346,8.0,11.0,18,2024,58.0,11.0,13.333333333333334,8.0
347,9.0,11.666666666666666,18,2024,20.0,14.0,11.5,0.0
348,10.0,11.333333333333334,18,2024,130.0,6.0,9.333333333333334,0.0
349,11.0,12.0,18,2024,4.0,15.5,8.5,4.0
350,12.0,15.0,18,2024,21.0,15.0,16.5,0.0
351,13.0,14.333333333333334,18,2024,5.0,15.0,13.833333333333334,0.0
352,14.0,18.0,18,2024,24.0,11.0,12.0,0.0
353,15.0,16.0,18,2024,0.0,15.5,15.666666666666666,0.0
354,16.0,16.333333333333332,18,2024,0.0,15.5,15.166666666666666,0.0
355,17.0,14.0,18,2024,8.0,15.0,14.0,0.0
356,18.0,13.666666666666666,18,2024,7.0,15.0,16.0,0.0
357,19.0,11.666666666666666,18,2024,6.0,14.0,11.666666666666666,1.0
358,20.0,10.0,18,2024,12.0,15.5,10.166666666666666,6.0
359,1.0,7.333333333333333,19,2024,231.0,1.5,7.333333333333333,10.0
360,2.0,6.333333333333333,19,2024,178.0,1.5,4.5,6.0
361,3.0,4.666666666666667,19,2024,307.0,5.0,7.666666666666667,18.0
362,4.0,3.3333333333333335,19,2024,270.0,4.5,2.1666666666666665,25.0
363,5.0,2.0,19,2024,225.0,4.5,2.8333333333333335,15.0
364,6.0,2.6666666666666665,19,2024,149.0,13.0,5.333333333333333,12.0
365,7.0,5.666666666666667,19,2024,131.0,5.0,5.666666666666667,1.0
366,8.0,7.666666666666667,19,2024,22.0,9.5,12.833333333333334,2.0
367,9.0,9.5,19,2024,0.0,11.5,15.5,10.5
368,10.0,10.0,19,2024,4.0,13.0,12.833333333333334,0.0
369,11.0,15.0,19,2024,6.0,9.5,12.5,0.0
370,12.0,15.666666666666666,19,2024,8.0,15.0,14.5,0.0
371,13.0,14.666666666666666,19,2024,62.0,14.0,11.5,4.0
372,14.0,12.333333333333334,19,2024,21.0,11.5,13.833333333333334,0.0
373,15.0,11.333333333333334,19,2024,24.0,14.0,12.0,0.0
374,16.0,15.333333333333334,19,2024,12.0,13.0,14.666666666666666,0.0
375,17.0,16.666666666666668,19,2024,0.0,18.0,15.333333333333334,0.0
376,18.0,16.333333333333332,19,2024,5.0,15.0,15.0,0.0
377,19.0,14.666666666666666,19,2024,0.0,18.0,16.333333333333332,0.0
378,20.0,11.333333333333334,19,2024,164.0,13.0,7.666666666666667,8.0
379,1.0,7.666666666666667,20,2024,196.0,2.0,3.0,18.0
380,2.0,4.0,20,2024,282.0,5.0,3.6666666666666665,12.0
381,3.0,2.3333333333333335,20,2024,256.0,2.0,1.6666666666666667,25.0
382,4.0,8.333333333333334,20,2024,164.0,4.5,10.333333333333334,0.0
383,5.0,9.0,20,2024,157.0,4.5,10.166666666666666,8.0
384,6.0,9.666666666666666,20,2024,322.0,11.5,5.333333333333333,15.0
385,7.0,6.666666666666667,20,2024,6.0,8.0,11.0,0.0
386,8.0,6.333333333333333,20,2024,235.0,5.0,4.666666666666667,10.0
387,9.0,8.0,20,2024,26.0,8.0,9.0,4.0
388,10.0,8.333333333333334,20,2024,8.0,11.5,15.0,0.0
389,11.0,11.666666666666666,20,2024,24.0,14.5,13.0,0.0
390,12.0,12.333333333333334,20,2024,5.0,15.5,13.833333333333334,1.0
391,13.0,14.333333333333334,20,2024,5.0,11.5,13.833333333333334,0.0
392,14.0,15.0,20,2024,0.0,14.5,17.166666666666668,0.0
393,15.0,18.0,20,2024,0.0,14.5,16.833333333333332,0.0
394,16.0,15.0,20,2024,2.0,18.0,12.666666666666666,2.0
395,17.0,11.666666666666666,20,2024,137.0,11.5,7.166666666666667,6.0
396,18.0,9.666666666666666,20,2024,62.0,14.5,14.166666666666666,0.0
397,19.0,12.0,20,2024,12.0,15.5,13.833333333333334,0.0
398,20.0,14.333333333333334,20,2024,21.0,18.0,13.666666666666666,0.0
399,1.0,12.0,21,2024,330.0,6.0,9.333333333333334,8.0
400,2.0,11.0,21,2024,5.0,2.5,12.666666666666666,0.0
401,3.0,9.666666666666666,21,2024,9.0,2.5,8.5,1.0
402,4.0,9.333333333333334,21,2024,167.0,7.0,7.333333333333333,10.0
403,5.0,6.0,21,2024,272.0,10.5,1.8333333333333333,16.0
404,6.0,3.3333333333333335,21,2024,300.0,7.0,4.833333333333333,18.0
405,7.0,8.333333333333334,21,2024,21.0,8.0,15.833333333333334,0.0
406,8.0,10.0,21,2024,239.0,7.0,5.666666666666667,4.0
407,9.0,14.666666666666666,21,2024,2.0,8.0,14.666666666666666,0.0
408,10.0,9.333333333333334,21,2024,176.0,7.0,5.333333333333333,12.0
409,11.0,12.333333333333334,21,2024,137.0,6.0,9.666666666666666,0.0
410,12.0,10.333333333333334,21,2024,7.0,16.0,8.5,1.0
411,13.0,13.666666666666666,21,2024,0.0,14.0,15.666666666666666,0.0
412,14.0,14.0,21,2024,62.0,16.5,14.333333333333334,0.0
413,15.0,15.666666666666666,21,2024,0.0,14.0,14.333333333333334,0.0
414,16.0,11.333333333333334,21,2024,221.0,10.5,4.833333333333333,25.0
415,17.0,9.333333333333334,21,2024,5.0,17.5,14.666666666666666,0.0
416,18.0,10.666666666666666,21,2024,12.0,17.5,16.166666666666668,0.0
417,19.0,14.0,21,2024,24.0,16.5,15.166666666666666,0.0
418,20.0,13.0,21,2024,28.0,16.0,10.666666666666666,2.0
419,1.0,8.0,22,2024,179.0,1.5,6.166666666666667,12.0
420,2.0,7.666666666666667,22,2024,177.0,1.5,5.166666666666667,1.0
421,3.0,10.0,22,2024,221.0,3.5,7.666666666666667,0.0
422,4.0,10.333333333333334,22,2024,282.0,3.5,8.166666666666666,10.0
423,5.0,7.333333333333333,22,2024,356.0,7.5,7.833333333333333,26.0
424,6.0,4.0,22,2024,308.0,6.5,6.333333333333333,8.0
425,7.0,5.0,22,2024,243.0,6.5,6.833333333333333,4.0
426,8.0,11.333333333333334,22,2024,28.0,10.0,13.333333333333334,0.0
427,9.0,11.666666666666666,22,2024,27.0,12.5,11.333333333333334,6.0
428,10.0,12.666666666666666,22,2024,137.0,7.5,6.5,0.0
429,11.0,10.666666666666666,22,2024,62.0,13.0,15.833333333333334,0.0
430,12.0,10.666666666666666,22,2024,12.0,10.0,14.0,6.0
431,13.0,12.0,22,2024,0.0,15.5,14.166666666666666,0.0
432,14.0,13.0,22,2024,5.0,16.5,16.833333333333332,0.0
433,15.0,17.0,22,2024,24.0,13.0,15.333333333333334,0.0
434,16.0,15.0,22,2024,4.0,12.5,9.5,2.0
435,17.0,10.0,22,2024,23.0,18.5,5.5,18.0
436,18.0,8.0,22,2024,0.0,15.5,14.5,0.0
437,19.0,11.0,22,2024,12.0,16.5,17.166666666666668,0.0
438,20.0,11.333333333333334,22,2024,24.0,18.5,7.833333333333333,15.0
439,1.0,8.666666666666666,23,2024,366.0,9.0,7.0,10.0
440,2.0,4.0,23,2024,294.0,4.0,5.833333333333333,12.0
441,3.0,5.333333333333333,23,2024,249.0,6.5,6.666666666666667,6.0
442,4.0,4.0,23,2024,204.0,8.0,3.3333333333333335,25.0
443,5.0,9.333333333333334,23,2024,24.0,12.5,13.166666666666666,0.0
444,6.0,8.0,23,2024,236.0,4.0,3.6666666666666665,15.0
445,7.0,11.333333333333334,23,2024,62.0,12.5,14.166666666666666,0.0
446,8.0,9.0,23,2024,0.0,9.5,15.0,0.0
447,9.0,12.0,23,2024,12.0,12.5,12.0,0.0
448,10.0,10.333333333333334,23,2024,317.0,6.5,6.5,9.0
449,11.0,12.0,23,2024,0.0,9.5,13.5,0.0
450,12.0,8.666666666666666,23,2024,195.0,8.0,3.6666666666666665,18.0
451,13.0,9.666666666666666,23,2024,29.0,13.5,11.0,2.0
452,14.0,9.0,23,2024,4.0,13.5,12.833333333333334,0.0
453,15.0,14.666666666666666,23,2024,12.0,17.0,16.833333333333332,0.0
454,16.0,14.333333333333334,23,2024,32.0,12.5,10.833333333333334,4.0
455,17.0,12.333333333333334,23,2024,138.0,9.0,8.0,1.0
456,18.0,11.0,23,2024,24.0,12.5,12.833333333333334,0.0
457,19.0,13.0,23,2024,5.0,17.0,16.666666666666668,0.0
458,20.0,15.333333333333334,23,2024,23.0,12.5,16.5,0.0
459,1.0,13.666666666666666,24,2024,319.0,5.5,6.5,2.0
460,2.0,11.0,24,2024,244.0,2.5,3.8333333333333335,8.0
461,3.0,6.0,24,2024,312.0,2.5,3.5,18.0
462,4.0,6.666666666666667,24,2024,195.0,4.5,5.833333333333333,0.0
463,5.0,6.0,24,2024,216.0,4.5,6.833333333333333,12.0
464,6.0,5.666666666666667,24,2024,391.0,13.0,8.5,25.0
465,7.0,3.3333333333333335,24,2024,34.0,11.0,14.5,10.0
466,8.0,7.333333333333333,24,2024,32.0,12.0,11.666666666666666,0.0
467,9.0,9.333333333333334,24,2024,68.0,11.5,12.666666666666666,6.0
468,10.0,8.666666666666666,24,2024,264.0,5.5,6.166666666666667,15.0
469,11.0,8.333333333333334,24,2024,12.0,15.0,16.833333333333332,0.0
470,12.0,10.333333333333334,24,2024,29.0,14.5,13.166666666666666,0.0
471,13.0,12.0,24,2024,4.0,15.5,11.5,4.0
472,14.0,13.0,24,2024,24.0,11.5,12.166666666666666,0.0
473,15.0,13.0,24,2024,0.0,11.0,12.0,10.5
474,16.0,13.5,24,2024,14.0,12.0,12.333333333333334,2.0
475,17.0,11.5,24,2024,4.0,14.5,13.833333333333334,0.0
476,18.0,11.333333333333334,24,2024,0.0,15.5,11.5,0.0
477,19.0,14.666666666666666,24,2024,5.0,15.0,16.333333333333332,0.0
478,20.0,15.666666666666666,24,2024,138.0,13.0,10.333333333333334,0.0
479,1.0,12.333333333333334,1,2025,0.0,5.0,10.5,10.5
480,2.0,8.0,1,2025,0.0,8.5,10.5,10.5
481,3.0,4.0,1,2025,0.0,3.5,10.5,10.5
482,4.0,5.5,1,2025,0.0,3.5,3.5,10.5
483,5.0,8.0,1,2025,0.0,11.5,10.5,10.5
484,6.0,12.5,1,2025,0.0,11.5,10.5,10.5
485,7.0,11.0,1,2025,0.0,11.5,10.5,10.5
486,8.0,8.333333333333334,1,2025,0.0,9.0,10.5,10.5
487,9.0,7.0,1,2025,0.0,5.0,5.0,10.5
488,10.0,5.666666666666667,1,2025,0.0,9.0,9.0,10.5
489,11.0,7.0,1,2025,0.0,15.0,10.5,10.5
490,12.0,7.666666666666667,1,2025,0.0,16.0,10.5,10.5
491,13.0,13.0,1,2025,0.0,13.5,10.5,10.5
492,14.0,14.666666666666666,1,2025,0.0,13.5,13.5,10.5
493,15.0,16.333333333333332,1,2025,0.0,8.5,8.5,10.5
494,16.0,14.5,1,2025,0.0,11.5,11.5,10.5
495,17.0,13.0,1,2025,0.0,11.5,11.5,10.5
496,18.0,5.5,1,2025,0.0,11.5,11.5,10.5
497,19.0,8.666666666666666,1,2025,0.0,15.0,15.0,10.5
498,20.0,8.5,1,2025,0.0,16.0,16.0,10.5
499,1.0,12.0,2,2025,2.0,1.5,5.0,2.0
500,2.0,5.0,2,2025,25.0,1.5,3.8333333333333335,25.0
501,3.0,4.333333333333333,2,2025,15.0,4.5,3.5,15.0
502,4.0,2.0,2,2025,18.0,8.0,8.5,18.0
503,5.0,6.0,2,2025,0.0,6.5,13.5,0.0
504,6.0,6.333333333333333,2,2025,12.0,4.5,3.8333333333333335,12.0
505,7.0,7.333333333333333,2,2025,10.0,8.5,11.5,10.0
506,8.0,7.666666666666667,2,2025,0.0,6.5,11.166666666666666,0.0
507,9.0,8.333333333333334,2,2025,8.0,13.0,11.5,8.0
508,10.0,12.666666666666666,2,2025,0.0,8.5,10.5,0.0
509,11.0,14.666666666666666,2,2025,0.0,13.5,16.0,0.0
510,12.0,17.666666666666668,2,2025,0.0,8.0,8.333333333333334,0.0
511,13.0,18.0,2,2025,0.0,16.5,15.0,0.0
512,14.0,16.666666666666668,2,2025,0.0,14.5,11.5,0.0
513,15.0,14.0,2,2025,6.0,14.5,12.5,6.0
514,16.0,11.666666666666666,2,2025,0.0,13.5,15.166666666666666,0.0
515,17.0,12.0,2,2025,0.0,13.0,12.0,0.0
516,18.0,12.333333333333334,2,2025,4.0,18.5,9.0,4.0
517,19.0,11.666666666666666,2,2025,1.0,18.5,12.166666666666666,1.0
518,20.0,9.666666666666666,2,2025,0.0,16.5,15.5,0.0
519,1.0,8.333333333333334,3,2025,30.0,6.5,8.166666666666666,12.0
520,2.0,5.666666666666667,3,2025,43.0,2.5,2.6666666666666665,18.0
521,3.0,2.3333333333333335,3,2025,27.0,2.5,1.8333333333333333,25.0
522,4.0,7.0,3,2025,4.0,5.5,15.333333333333334,0.0
523,5.0,7.333333333333333,3,2025,30.0,5.5,4.166666666666667,15.0
524,6.0,9.0,3,2025,20.0,5.5,4.833333333333333,8.0
525,7.0,9.333333333333334,3,2025,1.0,5.5,14.166666666666666,0.0
526,8.0,12.0,3,2025,0.0,12.5,14.333333333333334,0.0
527,9.0,12.333333333333334,3,2025,16.0,11.5,9.5,6.0
528,10.0,8.666666666666666,3,2025,4.0,14.0,8.833333333333334,4.0
529,11.0,10.666666666666666,3,2025,0.0,15.5,12.5,0.0
530,12.0,13.666666666666666,3,2025,0.0,6.5,7.5,0.0
531,13.0,17.666666666666668,3,2025,0.0,14.0,16.0,0.0
532,14.0,15.333333333333334,3,2025,1.0,11.5,9.5,1.0
533,15.0,14.333333333333334,3,2025,0.0,14.0,15.666666666666666,0.0
534,16.0,12.666666666666666,3,2025,6.0,17.5,13.5,0.0
535,17.0,13.333333333333334,3,2025,0.0,12.5,13.166666666666666,0.0
536,18.0,10.666666666666666,3,2025,10.0,14.0,9.0,10.0
537,19.0,10.333333333333334,3,2025,0.0,17.5,15.5,0.0
538,20.0,9.333333333333334,3,2025,10.0,15.5,13.833333333333334,2.0
539,1.0,8.666666666666666,4,2025,42.0,2.0,2.1666666666666665,15.0
540,2.0,5.666666666666667,4,2025,40.0,6.5,5.166666666666667,10.0
541,3.0,3.3333333333333335,4,2025,61.0,2.0,2.3333333333333335,18.0
542,4.0,3.6666666666666665,4,2025,16.0,4.5,9.833333333333334,12.0
543,5.0,4.333333333333333,4,2025,7.0,4.5,5.166666666666667,6.0
544,6.0,4.0,4,2025,55.0,7.5,7.0,25.0
545,7.0,7.0,4,2025,0.0,10.5,14.833333333333334,0.0
546,8.0,10.666666666666666,4,2025,10.0,9.0,11.5,0.0
547,9.0,14.333333333333334,4,2025,0.0,7.5,6.833333333333333,0.0
548,10.0,13.333333333333334,4,2025,5.0,9.0,12.333333333333334,1.0
549,11.0,9.333333333333334,4,2025,28.0,6.5,5.833333333333333,8.0
550,12.0,8.333333333333334,4,2025,18.0,15.5,10.5,2.0
551,13.0,7.666666666666667,4,2025,4.0,14.5,12.833333333333334,4.0
552,14.0,10.666666666666666,4,2025,0.0,10.5,12.833333333333334,0.0
553,15.0,11.333333333333334,4,2025,0.0,16.0,14.666666666666666,0.0
554,16.0,14.333333333333334,4,2025,0.0,14.5,13.166666666666666,0.0
555,17.0,16.0,4,2025,10.0,16.0,15.666666666666666,0.0
556,18.0,18.666666666666668,4,2025,0.0,19.0,16.5,0.0
557,19.0,17.666666666666668,4,2025,1.0,15.5,12.833333333333334,0.0
558,20.0,16.333333333333332,4,2025,6.0,19.0,18.0,0.0
559,1.0,10.333333333333334,5,2025,67.0,2.5,2.1666666666666665,25.0
560,2.0,7.666666666666667,5,2025,63.0,10.5,7.166666666666667,8.0
561,3.0,3.6666666666666665,5,2025,28.0,5.0,4.833333333333333,12.0
562,4.0,4.333333333333333,5,2025,76.0,2.5,2.1666666666666665,15.0
563,5.0,3.0,5,2025,58.0,5.5,6.166666666666667,18.0
564,6.0,5.333333333333333,5,2025,28.0,5.5,6.166666666666667,0.0
565,7.0,6.0,5,2025,17.0,5.0,4.666666666666667,10.0
566,8.0,11.666666666666666,5,2025,1.0,8.5,14.166666666666666,0.0
567,9.0,12.0,5,2025,18.0,8.5,13.166666666666666,0.0
568,10.0,14.666666666666666,5,2025,4.0,11.0,13.833333333333334,0.0
569,11.0,13.333333333333334,5,2025,0.0,13.5,15.833333333333334,0.0
570,12.0,14.666666666666666,5,2025,0.0,11.0,13.333333333333334,0.0
571,13.0,13.666666666666666,5,2025,6.0,13.5,10.666666666666666,1.0
572,14.0,11.333333333333334,5,2025,14.0,13.5,10.5,4.0
573,15.0,12.666666666666666,5,2025,6.0,16.5,18.5,0.0
574,16.0,15.0,5,2025,10.0,13.5,15.166666666666666,0.0
575,17.0,17.0,5,2025,0.0,18.5,11.666666666666666,0.0
576,18.0,16.333333333333332,5,2025,0.0,16.5,18.166666666666668,0.0
577,19.0,13.666666666666666,5,2025,2.0,10.5,8.5,2.0
578,20.0,11.333333333333334,5,2025,6.0,18.5,13.166666666666666,6.0
579,1.0,5.666666666666667,6,2025,92.0,1.5,2.3333333333333335,25.0
580,2.0,4.0,6,2025,88.0,1.5,2.1666666666666665,12.0
581,3.0,3.3333333333333335,6,2025,68.0,4.5,5.833333333333333,10.0
582,4.0,3.6666666666666665,6,2025,81.0,7.0,9.5,18.0
583,5.0,5.333333333333333,6,2025,20.0,7.0,10.833333333333334,2.0
584,6.0,5.666666666666667,6,2025,36.0,4.5,5.166666666666667,8.0
585,7.0,6.0,6,2025,43.0,7.5,4.833333333333333,15.0
586,8.0,5.333333333333333,6,2025,23.0,7.5,5.833333333333333,6.0
587,9.0,6.0,6,2025,5.0,7.0,8.0,4.0
588,10.0,11.333333333333334,6,2025,2.0,7.0,9.333333333333334,0.0
589,11.0,12.333333333333334,6,2025,5.0,14.0,12.166666666666666,1.0
590,12.0,14.333333333333334,6,2025,14.0,15.5,12.0,0.0
591,13.0,14.666666666666666,6,2025,6.0,16.5,15.833333333333334,0.0
592,14.0,16.333333333333332,6,2025,6.0,16.0,17.333333333333332,0.0
593,15.0,15.333333333333334,6,2025,0.0,15.5,14.333333333333334,0.0
594,16.0,14.0,6,2025,10.0,15.5,14.166666666666666,0.0
595,17.0,13.0,6,2025,0.0,14.0,12.0,0.0
596,18.0,15.333333333333334,6,2025,0.0,16.0,16.333333333333332,0.0
597,19.0,14.333333333333334,6,2025,6.0,15.5,14.166666666666666,0.0
598,20.0,16.0,6,2025,0.0,16.5,17.833333333333332,0.0
599,1.0,11.333333333333334,7,2025,93.0,5.5,8.166666666666666,12.0
600,2.0,7.666666666666667,7,2025,106.0,2.5,1.8333333333333333,18.0
601,3.0,2.3333333333333335,7,2025,117.0,2.5,1.8333333333333333,25.0
602,4.0,3.6666666666666665,7,2025,27.0,5.0,6.666666666666667,4.0
603,5.0,4.666666666666667,7,2025,30.0,6.5,7.5,10.0
604,6.0,6.666666666666667,7,2025,49.0,5.0,6.666666666666667,6.0
605,7.0,5.0,7,2025,83.0,13.0,4.833333333333333,15.0
606,8.0,6.333333333333333,7,2025,7.0,6.5,6.833333333333333,2.0
607,9.0,7.666666666666667,7,2025,5.0,11.5,13.0,0.0
608,10.0,10.0,7,2025,3.0,5.5,6.5,1.0
609,11.0,12.0,7,2025,0.0,13.0,14.833333333333334,0.0
610,12.0,13.0,7,2025,6.0,15.0,16.166666666666668,0.0
611,13.0,14.0,7,2025,6.0,14.5,17.166666666666668,0.0
612,14.0,14.666666666666666,7,2025,0.0,11.5,13.166666666666666,0.0
613,15.0,15.333333333333334,7,2025,10.0,13.0,14.666666666666666,0.0
614,16.0,17.333333333333332,7,2025,0.0,14.5,15.833333333333334,10.5
615,17.0,18.0,7,2025,6.0,18.5,14.833333333333334,0.0
616,18.0,18.666666666666668,7,2025,0.0,15.0,15.666666666666666,0.0
617,19.0,14.333333333333334,7,2025,44.0,13.0,7.333333333333333,8.0
618,20.0,12.0,7,2025,14.0,18.5,16.5,0.0
619,1.0,6.666666666666667,8,2025,124.0,2.0,2.1666666666666665,18.0
620,2.0,6.666666666666667,8,2025,57.0,3.5,5.833333333333333,8.0
621,3.0,3.6666666666666665,8,2025,132.0,2.0,2.3333333333333335,15.0
622,4.0,3.3333333333333335,8,2025,118.0,10.5,6.0,25.0
623,5.0,2.6666666666666665,8,2025,39.0,3.5,4.5,12.0
624,6.0,4.666666666666667,8,2025,7.0,7.0,12.333333333333334,2.0
625,7.0,11.0,8,2025,14.0,9.5,17.5,0.0
626,8.0,14.333333333333334,8,2025,0.0,7.0,10.0,0.0
627,9.0,13.0,8,2025,40.0,9.5,6.666666666666667,10.0
628,10.0,9.0,8,2025,11.0,9.5,7.5,4.0
629,11.0,6.666666666666667,8,2025,89.0,14.5,10.166666666666666,6.0
630,12.0,10.666666666666666,8,2025,6.0,9.5,15.5,0.0
631,13.0,13.333333333333334,8,2025,0.0,16.5,15.166666666666666,0.0
632,14.0,17.0,8,2025,0.0,15.0,15.333333333333334,0.0
633,15.0,16.333333333333332,8,2025,10.0,17.0,13.833333333333334,0.0
634,16.0,15.0,8,2025,6.0,15.0,15.0,0.0
635,17.0,12.333333333333334,8,2025,4.0,10.5,7.166666666666667,1.0
636,18.0,13.666666666666666,8,2025,44.0,14.5,13.5,0.0
637,19.0,13.333333333333334,8,2025,0.0,17.0,14.333333333333334,0.0
638,20.0,14.333333333333334,8,2025,6.0,16.5,15.166666666666666,0.0
639,1.0,9.0,9,2025,147.0,1.5,2.1666666666666665,15.0
640,2.0,5.666666666666667,9,2025,149.0,1.5,1.8333333333333333,25.0
641,3.0,2.0,9,2025,75.0,4.5,4.0,18.0
642,4.0,4.666666666666667,9,2025,89.0,11.0,14.0,0.0
643,5.0,9.666666666666666,9,2025,6.0,8.5,15.0,0.0
644,6.0,10.666666666666666,9,2025,49.0,4.5,3.8333333333333335,10.0
645,7.0,9.0,9,2025,15.0,9.0,8.5,8.0
646,8.0,10.333333333333334,9,2025,6.0,11.5,15.833333333333334,0.0
647,9.0,15.0,9,2025,0.0,9.0,15.666666666666666,0.0
648,10.0,14.333333333333334,9,2025,130.0,11.5,8.833333333333334,12.0
649,11.0,10.333333333333334,9,2025,4.0,9.0,7.666666666666667,4.0
650,12.0,8.666666666666666,9,2025,0.0,8.5,12.833333333333334,0.0
651,13.0,13.0,9,2025,4.0,11.5,10.833333333333334,0.0
652,14.0,13.666666666666666,9,2025,12.0,16.5,8.5,1.0
653,15.0,13.333333333333334,9,2025,0.0,11.5,14.833333333333334,0.0
654,16.0,10.0,9,2025,20.0,16.5,12.5,6.0
655,17.0,10.666666666666666,9,2025,6.0,16.5,11.833333333333334,0.0
656,18.0,12.333333333333334,9,2025,44.0,11.0,13.333333333333334,0.0
657,19.0,13.0,9,2025,42.0,16.5,11.833333333333334,2.0
658,1.0,10.333333333333334,10,2025,101.0,2.0,12.166666666666666,12.0
659,2.0,7.666666666666667,10,2025,131.0,7.0,11.166666666666666,1.0
660,3.0,10.666666666666666,10,2025,44.0,2.0,8.0,0.0
661,4.0,9.666666666666666,10,2025,172.0,11.0,1.6666666666666667,25.0
662,5.0,7.333333333333333,10,2025,90.0,5.5,4.166666666666667,15.0
663,6.0,3.3333333333333335,10,2025,57.0,5.5,4.833333333333333,8.0
664,7.0,6.0,10,2025,2.0,12.0,14.333333333333334,2.0
665,8.0,6.666666666666667,10,2025,16.0,11.0,10.666666666666666,10.0
666,9.0,10.0,10,2025,20.0,10.0,14.166666666666666,0.0
667,10.0,11.666666666666666,10,2025,12.0,15.0,14.166666666666666,0.0
668,11.0,15.666666666666666,10,2025,6.0,10.0,14.333333333333334,0.0
669,12.0,14.666666666666666,10,2025,4.0,7.0,10.0,0.0
670,13.0,15.0,10,2025,0.0,14.0,13.166666666666666,0.0
671,14.0,13.333333333333334,10,2025,0.0,11.0,9.333333333333334,0.0
672,15.0,11.666666666666666,10,2025,10.0,14.0,12.333333333333334,4.0
673,16.0,9.0,10,2025,21.0,17.5,8.333333333333334,6.0
674,17.0,10.0,10,2025,10.0,12.0,12.666666666666666,0.0
675,18.0,8.0,10,2025,167.0,11.0,4.666666666666667,18.0
676,19.0,9.333333333333334,10,2025,4.0,17.5,11.833333333333334,0.0
677,20.0,10.666666666666666,10,2025,42.0,15.0,16.0,0.0
678,1.0,16.0,11,2025,167.0,1.5,7.833333333333333,0.0
679,2.0,13.666666666666666,11,2025,184.0,1.5,7.833333333333333,12.0
680,3.0,9.0,11,2025,100.0,3.5,5.166666666666667,10.0
681,4.0,5.0,11,2025,65.0,3.5,4.833333333333333,8.0
682,5.0,4.0,11,2025,126.0,12.0,5.0,25.0
683,6.0,8.666666666666666,11,2025,4.0,9.0,14.666666666666666,0.0
684,7.0,9.0,11,2025,8.0,10.5,11.0,6.0
685,8.0,13.333333333333334,11,2025,0.0,8.5,10.166666666666666,0.0
686,9.0,9.666666666666666,11,2025,20.0,8.5,10.166666666666666,4.0
687,10.0,10.333333333333334,11,2025,22.0,10.5,12.166666666666666,2.0
688,11.0,9.333333333333334,11,2025,6.0,10.5,10.166666666666666,0.0
689,12.0,12.0,11,2025,21.0,9.0,14.666666666666666,0.0
690,13.0,14.0,11,2025,10.0,14.0,13.166666666666666,0.0
691,14.0,16.0,11,2025,10.0,10.5,11.5,0.0
692,15.0,15.0,11,2025,0.0,14.0,14.0,0.0
693,16.0,14.0,11,2025,4.0,17.0,8.5,0.0
694,17.0,15.0,11,2025,42.0,18.5,15.5,0.0
695,18.0,11.333333333333334,11,2025,149.0,17.0,10.333333333333334,18.0
696,19.0,8.333333333333334,11,2025,59.0,12.0,5.333333333333333,15.0
697,20.0,5.0,11,2025,13.0,18.5,16.166666666666668,1.0
698,1.0,4.666666666666667,12,2025,192.0,1.5,4.666666666666667,25.0
699,2.0,4.333333333333333,12,2025,202.0,1.5,1.5,18.0
700,3.0,4.0,12,2025,22.0,10.5,9.333333333333334,2.0
701,4.0,5.0,12,2025,77.0,9.0,4.166666666666667,12.0
702,5.0,10.333333333333334,12,2025,149.0,10.0,13.666666666666666,0.0
703,6.0,11.666666666666666,12,2025,10.0,13.0,14.0,0.0
704,7.0,15.0,12,2025,10.0,8.0,11.0,0.0
705,8.0,14.666666666666666,12,2025,42.0,10.0,17.333333333333332,0.0
706,9.0,12.666666666666666,12,2025,14.0,8.0,9.666666666666666,6.0
707,10.0,9.666666666666666,12,2025,136.0,13.0,8.666666666666666,10.0
708,11.0,7.666666666666667,12,2025,6.0,12.0,10.333333333333334,0.0
709,12.0,12.0,12,2025,13.0,10.0,15.666666666666666,0.0
710,13.0,13.666666666666666,12,2025,23.0,12.0,11.0,1.0
711,14.0,11.0,12,2025,115.0,9.0,5.333333333333333,15.0
712,15.0,9.666666666666666,12,2025,4.0,10.0,14.666666666666666,0.0
713,16.0,12.666666666666666,12,2025,59.0,13.0,12.333333333333334,0.0
714,17.0,15.666666666666666,12,2025,21.0,18.0,11.833333333333334,0.0
715,18.0,13.0,12,2025,4.0,10.5,9.166666666666666,4.0
716,19.0,8.666666666666666,12,2025,12.0,18.0,12.0,8.0
717,20.0,9.666666666666666,12,2025,0.0,13.0,13.666666666666666,0.0
718,1.0,7.666666666666667,13,2025,220.0,1.5,1.5,18.0
719,2.0,6.0,13,2025,217.0,1.5,1.5,25.0
720,3.0,5.666666666666667,13,2025,115.0,5.0,7.166666666666667,0.0
721,4.0,6.666666666666667,13,2025,159.0,8.5,12.333333333333334,10.0
722,5.0,9.666666666666666,13,2025,137.0,10.5,12.666666666666666,1.0
723,6.0,7.666666666666667,13,2025,46.0,12.0,12.833333333333334,4.0
724,7.0,7.333333333333333,13,2025,89.0,5.0,7.666666666666667,12.0
725,8.0,10.333333333333334,13,2025,12.0,14.0,15.0,0.0
726,9.0,13.666666666666666,13,2025,4.0,10.5,9.833333333333334,0.0
727,10.0,14.333333333333334,13,2025,18.0,14.5,13.333333333333334,8.0
728,11.0,11.666666666666666,13,2025,6.0,13.0,11.5,0.0
729,12.0,6.666666666666667,13,2025,37.0,10.5,10.5,15.0
730,13.0,9.666666666666666,13,2025,4.0,8.5,9.5,0.0
731,14.0,8.333333333333334,13,2025,16.0,15.5,8.833333333333334,6.0
732,15.0,11.666666666666666,13,2025,23.0,13.0,12.333333333333334,0.0
733,16.0,12.0,13,2025,59.0,10.5,12.166666666666666,0.0
734,17.0,12.666666666666666,13,2025,16.0,15.5,10.5,2.0
735,18.0,12.333333333333334,13,2025,13.0,12.0,10.666666666666666,0.0
736,19.0,13.666666666666666,13,2025,0.0,14.5,13.5,0.0
737,20.0,16.333333333333332,13,2025,21.0,14.0,16.666666666666668,0.0
738,1.0,13.0,14,2025,235.0,1.5,1.5,18.0
739,2.0,6.666666666666667,14,2025,245.0,1.5,1.5,25.0
740,3.0,2.6666666666666665,14,2025,147.0,6.5,11.333333333333334,10.0
741,4.0,3.0,14,2025,130.0,8.0,6.333333333333333,15.0
742,5.0,8.333333333333334,14,2025,16.0,6.0,13.0,0.0
743,6.0,9.666666666666666,14,2025,6.0,9.5,10.5,2.0
744,7.0,13.333333333333334,14,2025,16.0,6.0,12.333333333333334,0.0
745,8.0,10.333333333333334,14,2025,16.0,9.5,15.333333333333334,4.0
746,9.0,8.666666666666666,14,2025,171.0,13.0,9.0,12.0
747,10.0,9.333333333333334,14,2025,59.0,6.5,9.166666666666666,0.0
748,11.0,13.333333333333334,14,2025,21.0,9.5,12.5,0.0
749,12.0,14.333333333333334,14,2025,95.0,8.0,6.0,6.0
750,13.0,13.0,14,2025,37.0,9.5,10.166666666666666,0.0
751,14.0,12.333333333333334,14,2025,13.0,14.5,11.333333333333334,0.0
752,15.0,12.0,14,2025,54.0,14.5,12.833333333333334,8.0
753,16.0,13.0,14,2025,23.0,18.0,12.666666666666666,0.0
754,17.0,11.333333333333334,14,2025,4.0,13.0,10.0,0.0
755,18.0,15.666666666666666,14,2025,0.0,18.5,14.0,0.0
756,19.0,14.0,14,2025,19.0,18.5,15.833333333333334,1.0
757,20.0,13.333333333333334,14,2025,6.0,18.0,14.666666666666666,0.0
758,1.0,7.666666666666667,15,2025,263.0,9.5,1.5,18.0
759,2.0,7.333333333333333,15,2025,173.0,5.5,11.5,2.0
760,3.0,7.333333333333333,15,2025,21.0,7.5,11.0,0.0
761,4.0,7.666666666666667,15,2025,162.0,10.0,7.833333333333333,15.0
762,5.0,9.666666666666666,15,2025,54.0,9.0,13.666666666666666,0.0
763,6.0,12.666666666666666,15,2025,6.0,8.0,16.333333333333332,0.0
764,7.0,14.0,15,2025,22.0,7.5,9.166666666666666,6.0
765,8.0,10.666666666666666,15,2025,26.0,7.5,6.5,10.0
766,9.0,9.666666666666666,15,2025,4.0,5.5,10.5,0.0
767,10.0,12.666666666666666,15,2025,23.0,8.0,14.666666666666666,0.0
768,11.0,17.0,15,2025,0.0,14.0,17.166666666666668,0.0
769,12.0,14.0,15,2025,20.0,7.5,8.833333333333334,4.0
770,13.0,13.333333333333334,15,2025,13.0,9.0,12.666666666666666,0.0
771,14.0,11.666666666666666,15,2025,37.0,14.5,9.833333333333334,0.0
772,15.0,11.0,15,2025,14.0,14.5,11.166666666666666,8.0
773,16.0,9.666666666666666,15,2025,60.0,10.0,7.666666666666667,1.0
774,17.0,11.666666666666666,15,2025,19.0,14.0,17.0,0.0
775,18.0,10.0,15,2025,260.0,9.5,4.166666666666667,25.0
776,19.0,8.0,15,2025,142.0,19.5,7.0,12.0
777,20.0,5.666666666666667,15,2025,95.0,19.5,11.833333333333334,0.0
778,1.0,6.0,16,2025,191.0,7.0,8.0,18.0
779,2.0,10.666666666666666,16,2025,260.0,2.5,6.833333333333333,0.0
780,3.0,7.0,16,2025,288.0,2.5,7.166666666666667,25.0
781,4.0,12.666666666666666,16,2025,142.0,5.0,15.666666666666666,0.0
782,5.0,8.0,16,2025,174.0,7.0,8.833333333333334,12.0
783,6.0,14.333333333333334,16,2025,95.0,5.0,14.666666666666666,0.0
784,7.0,9.666666666666666,16,2025,64.0,9.0,10.833333333333334,10.0
785,8.0,13.333333333333334,16,2025,14.0,14.0,12.833333333333334,0.0
786,9.0,12.0,16,2025,60.0,7.0,9.0,0.0
787,10.0,11.333333333333334,16,2025,36.0,12.0,8.166666666666666,15.0
788,11.0,10.666666666666666,16,2025,13.0,9.0,9.0,0.0
789,12.0,7.333333333333333,16,2025,14.0,13.5,11.333333333333334,8.0
790,13.0,9.333333333333334,16,2025,6.0,7.0,6.0,2.0
791,14.0,9.0,16,2025,20.0,12.0,9.0,0.0
792,15.0,10.333333333333334,16,2025,24.0,13.5,9.833333333333334,1.0
793,16.0,13.0,16,2025,19.0,16.5,15.5,0.0
794,17.0,12.666666666666666,16,2025,0.0,16.5,14.833333333333334,0.0
795,18.0,11.666666666666666,16,2025,28.0,18.5,7.0,6.0
796,19.0,8.666666666666666,16,2025,30.0,18.5,11.166666666666666,4.0
797,20.0,9.666666666666666,16,2025,37.0,14.0,14.333333333333334,0.0
798,1.0,7.666666666666667,17,2025,216.0,3.5,6.5,25.0
799,2.0,6.666666666666667,17,2025,184.0,3.0,8.0,10.0
800,3.0,5.666666666666667,17,2025,13.0,8.0,9.0,0.0
801,4.0,8.333333333333334,17,2025,62.0,3.0,5.666666666666667,2.0
802,5.0,11.333333333333334,17,2025,20.0,7.5,10.5,0.0
803,6.0,12.0,17,2025,6.0,3.5,5.833333333333333,0.0
804,7.0,9.666666666666666,17,2025,278.0,13.5,4.833333333333333,18.0
805,8.0,7.0,17,2025,103.0,8.5,9.833333333333334,8.0
806,9.0,4.0,17,2025,154.0,8.5,6.166666666666667,12.0
807,10.0,6.666666666666667,17,2025,37.0,7.5,10.5,1.0
808,11.0,7.333333333333333,17,2025,18.0,13.5,14.166666666666666,4.0
809,12.0,10.0,17,2025,14.0,13.0,11.666666666666666,0.0
810,13.0,9.0,17,2025,70.0,8.0,8.666666666666666,6.0
811,14.0,11.333333333333334,17,2025,24.0,13.0,13.333333333333334,0.0
812,15.0,13.666666666666666,17,2025,30.0,16.0,14.833333333333334,0.0
813,16.0,18.0,17,2025,37.0,13.5,13.833333333333334,0.0
814,17.0,19.0,17,2025,28.0,16.0,17.666666666666668,0.0
815,18.0,18.0,17,2025,19.0,18.5,15.666666666666666,0.0
816,19.0,17.0,17,2025,0.0,18.5,17.166666666666668,0.0
817,20.0,12.0,17,2025,303.0,13.5,6.166666666666667,15.0
818,1.0,7.333333333333333,18,2025,202.0,3.0,4.333333333333333,18.0
819,2.0,2.0,18,2025,241.0,7.0,4.666666666666667,25.0
820,3.0,3.3333333333333335,18,2025,284.0,3.5,9.833333333333334,6.0
821,4.0,9.333333333333334,18,2025,303.0,3.5,10.166666666666666,0.0
822,5.0,10.333333333333334,18,2025,74.0,3.0,3.0,12.0
823,6.0,11.0,18,2025,156.0,7.0,7.333333333333333,2.0
824,7.0,9.333333333333334,18,2025,30.0,10.0,16.833333333333332,0.0
825,8.0,10.666666666666666,18,2025,107.0,7.0,8.0,4.0
826,9.0,11.666666666666666,18,2025,14.0,13.5,13.166666666666666,0.0
827,10.0,7.666666666666667,18,2025,28.0,12.0,8.333333333333334,15.0
828,11.0,8.333333333333334,18,2025,38.0,13.0,9.0,1.0
829,12.0,6.333333333333333,18,2025,14.0,7.0,4.666666666666667,8.0
830,13.0,11.0,18,2025,28.0,10.0,14.0,0.0
831,14.0,12.0,18,2025,70.0,12.0,9.333333333333334,0.0
832,15.0,11.666666666666666,18,2025,30.0,13.0,9.333333333333334,10.0
833,16.0,12.333333333333334,18,2025,0.0,17.5,17.833333333333332,0.0
834,17.0,11.666666666666666,18,2025,18.0,18.5,13.666666666666666,0.0
835,18.0,14.666666666666666,18,2025,24.0,13.5,13.166666666666666,0.0
836,19.0,14.333333333333334,18,2025,19.0,17.5,18.166666666666668,0.0
837,20.0,16.0,18,2025,37.0,18.5,15.166666666666666,0.0
838,1.0,12.0,19,2025,259.0,4.0,5.833333333333333,18.0
839,2.0,7.0,19,2025,299.0,3.5,6.833333333333333,15.0
840,3.0,3.6666666666666665,19,2025,164.0,3.5,7.5,8.0
841,4.0,5.666666666666667,19,2025,111.0,3.5,5.833333333333333,4.0
842,5.0,6.0,19,2025,315.0,3.5,3.5,12.0
843,6.0,4.333333333333333,19,2025,227.0,9.5,3.0,25.0
844,7.0,5.666666666666667,19,2025,14.0,4.0,6.0,0.0
845,8.0,11.0,19,2025,37.0,13.0,16.833333333333332,0.0
846,9.0,13.666666666666666,19,2025,16.0,12.0,13.333333333333334,2.0
847,10.0,12.0,19,2025,36.0,11.0,12.0,6.0
848,11.0,10.333333333333334,19,2025,30.0,13.5,11.166666666666666,0.0
849,12.0,11.666666666666666,19,2025,28.0,11.0,10.333333333333334,0.0
850,13.0,11.0,19,2025,84.0,9.5,5.166666666666667,10.0
851,14.0,10.666666666666666,19,2025,70.0,17.0,10.666666666666666,0.0
852,15.0,12.333333333333334,19,2025,24.0,12.0,13.0,0.0
853,16.0,14.333333333333334,19,2025,38.0,13.5,13.166666666666666,0.0
854,17.0,15.0,19,2025,0.0,18.0,17.833333333333332,0.0
855,18.0,14.666666666666666,19,2025,18.0,13.0,16.666666666666668,0.0
856,19.0,17.333333333333332,19,2025,19.0,18.0,17.666666666666668,0.0
857,20.0,15.333333333333334,19,2025,29.0,17.0,13.666666666666666,1.0
858,1.0,10.333333333333334,20,2025,317.0,3.0,3.5,18.0
859,2.0,5.0,20,2025,179.0,5.0,4.666666666666667,15.0
860,3.0,2.0,20,2025,284.0,7.0,5.0,25.0
861,4.0,4.333333333333333,20,2025,18.0,6.5,12.5,2.0
862,5.0,5.0,20,2025,325.0,3.0,3.3333333333333335,10.0
863,6.0,9.0,20,2025,84.0,6.5,7.333333333333333,0.0
864,7.0,8.0,20,2025,235.0,6.5,8.5,8.0
865,8.0,7.666666666666667,20,2025,123.0,5.0,4.0,12.0
866,9.0,8.333333333333334,20,2025,24.0,6.5,10.166666666666666,0.0
867,10.0,12.333333333333334,20,2025,18.0,14.5,14.833333333333334,0.0
868,11.0,13.333333333333334,20,2025,20.0,7.0,5.0,6.0
869,12.0,13.0,20,2025,70.0,14.5,15.333333333333334,0.0
870,13.0,12.333333333333334,20,2025,38.0,16.5,13.333333333333334,0.0
871,14.0,14.0,20,2025,28.0,16.0,10.666666666666666,0.0
872,15.0,15.666666666666666,20,2025,19.0,15.5,17.833333333333332,0.0
873,16.0,16.0,20,2025,0.0,15.5,17.166666666666668,0.0
874,17.0,18.666666666666668,20,2025,29.0,14.5,16.166666666666668,0.0
875,18.0,15.666666666666666,20,2025,37.0,16.0,12.666666666666666,1.0
876,19.0,12.666666666666666,20,2025,41.0,14.5,13.5,4.0
877,20.0,9.666666666666666,20,2025,30.0,16.5,14.5,0.0
878,1.0,6.666666666666667,21,2025,342.0,3.0,3.1666666666666665,25.0
879,2.0,6.0,21,2025,92.0,3.0,7.5,8.0
880,3.0,3.3333333333333335,21,2025,299.0,10.0,6.0,15.0
881,4.0,5.333333333333333,21,2025,241.0,3.0,5.333333333333333,6.0
882,5.0,5.0,21,2025,335.0,3.0,3.0,10.0
883,6.0,5.333333333333333,21,2025,30.0,9.0,8.333333333333334,12.0
884,7.0,9.666666666666666,21,2025,30.0,7.5,15.5,0.0
885,8.0,12.333333333333334,21,2025,38.0,7.5,13.5,0.0
886,9.0,17.333333333333332,21,2025,41.0,14.5,14.0,0.0
887,10.0,15.666666666666666,21,2025,19.0,12.5,16.333333333333332,0.0
888,11.0,15.333333333333334,21,2025,70.0,12.0,15.333333333333334,0.0
889,12.0,12.0,21,2025,26.0,9.0,7.333333333333333,2.0
890,13.0,12.666666666666666,21,2025,29.0,12.0,13.666666666666666,0.0
891,14.0,14.666666666666666,21,2025,37.0,15.0,14.333333333333334,0.0
892,15.0,17.0,21,2025,0.0,12.5,14.5,0.0
893,16.0,16.0,21,2025,28.0,15.0,15.666666666666666,0.0
894,17.0,13.666666666666666,21,2025,20.0,10.0,8.0,0.0
895,18.0,11.0,21,2025,127.0,18.5,4.5,4.0
896,19.0,7.0,21,2025,197.0,18.5,9.5,18.0
897,20.0,6.666666666666667,21,2025,19.0,14.5,14.5,1.0
898,1.0,5.0,22,2025,314.0,6.5,9.0,15.0
899,2.0,5.666666666666667,22,2025,253.0,2.5,4.166666666666667,12.0
900,3.0,3.0,22,2025,110.0,2.5,2.8333333333333335,18.0
901,4.0,8.333333333333334,22,2025,197.0,6.0,14.0,0.0
902,5.0,11.333333333333334,22,2025,29.0,10.5,12.833333333333334,0.0
903,6.0,13.333333333333334,22,2025,42.0,10.0,10.5,4.0
904,7.0,10.0,22,2025,43.0,12.0,14.5,2.0
905,8.0,11.666666666666666,22,2025,127.0,6.0,14.333333333333334,0.0
906,9.0,13.0,22,2025,26.0,9.5,8.166666666666666,0.0
907,10.0,12.0,22,2025,38.0,9.5,9.166666666666666,8.0
908,11.0,10.666666666666666,22,2025,37.0,14.5,15.333333333333334,0.0
909,12.0,12.333333333333334,22,2025,20.0,6.5,8.833333333333334,0.0
910,13.0,13.666666666666666,22,2025,20.0,14.0,13.5,1.0
911,14.0,11.333333333333334,22,2025,36.0,10.0,8.333333333333334,6.0
912,15.0,10.666666666666666,22,2025,0.0,14.0,13.0,0.0
913,16.0,11.0,22,2025,70.0,10.5,11.5,0.0
914,17.0,15.333333333333334,22,2025,19.0,12.0,13.666666666666666,0.0
915,18.0,15.666666666666666,22,2025,28.0,14.5,14.833333333333334,0.0
916,19.0,12.333333333333334,22,2025,367.0,19.5,3.0,25.0
917,20.0,7.333333333333333,22,2025,345.0,19.5,8.5,10.0
918,1.0,2.3333333333333335,23,2025,339.0,5.5,7.666666666666667,25.0
919,2.0,8.666666666666666,23,2025,345.0,3.0,14.0,0.0
920,3.0,8.666666666666666,23,2025,39.0,7.0,11.0,10.0
921,4.0,14.666666666666666,23,2025,367.0,3.0,14.0,0.0
922,5.0,9.0,23,2025,125.0,5.5,2.6666666666666665,15.0
923,6.0,8.0,23,2025,271.0,5.5,3.5,18.0
924,7.0,5.333333333333333,23,2025,37.0,12.0,14.666666666666666,0.0
925,8.0,5.666666666666667,23,2025,209.0,10.0,10.166666666666666,12.0
926,9.0,9.666666666666666,23,2025,36.0,13.5,9.166666666666666,0.0
927,10.0,10.0,23,2025,20.0,5.5,6.166666666666667,0.0
928,11.0,14.0,23,2025,70.0,7.0,9.333333333333334,0.0
929,12.0,12.0,23,2025,131.0,10.0,7.333333333333333,4.0
930,13.0,13.666666666666666,23,2025,19.0,16.5,12.833333333333334,0.0
931,14.0,13.333333333333334,23,2025,0.0,15.0,13.5,0.0
932,15.0,13.666666666666666,23,2025,28.0,17.0,9.333333333333334,2.0
933,16.0,12.333333333333334,23,2025,20.0,15.0,14.333333333333334,0.0
934,17.0,13.333333333333334,23,2025,28.0,12.0,13.666666666666666,0.0
935,18.0,12.333333333333334,23,2025,50.0,13.5,11.166666666666666,8.0
936,19.0,11.333333333333334,23,2025,39.0,17.0,12.0,1.0
937,20.0,7.666666666666667,23,2025,49.0,16.5,13.5,6.0
938,1.0,6.0,24,2025,364.0,7.5,5.833333333333333,25.0
939,2.0,3.3333333333333335,24,2025,363.0,2.5,8.5,18.0
940,3.0,2.3333333333333335,24,2025,379.0,2.5,2.8333333333333335,12.0
941,4.0,4.666666666666667,24,2025,213.0,6.0,8.666666666666666,4.0
942,5.0,6.0,24,2025,279.0,10.0,4.5,8.0
943,6.0,7.0,24,2025,43.0,8.0,12.833333333333334,6.0
944,7.0,9.333333333333334,24,2025,28.0,9.5,14.5,0.0
945,8.0,11.333333333333334,24,2025,131.0,6.0,8.666666666666666,0.0
946,9.0,15.666666666666666,24,2025,49.0,10.0,15.0,0.0
947,10.0,16.333333333333332,24,2025,28.0,8.0,10.666666666666666,0.0
948,11.0,16.666666666666668,24,2025,19.0,10.0,14.333333333333334,0.0
949,12.0,16.333333333333332,24,2025,39.0,9.5,14.5,0.0
950,13.0,11.666666666666666,24,2025,54.0,14.5,8.166666666666666,15.0
951,14.0,10.666666666666666,24,2025,21.0,7.5,6.166666666666667,1.0
952,15.0,6.0,24,2025,135.0,10.0,7.0,10.0
953,16.0,8.666666666666666,24,2025,70.0,14.5,9.5,0.0
954,17.0,11.333333333333334,24,2025,50.0,17.5,12.333333333333334,0.0
955,18.0,12.666666666666666,24,2025,38.0,17.5,14.833333333333334,2.0
956,19.0,14.333333333333334,24,2025,20.0,19.5,14.666666666666666,0.0
957,20.0,13.0,24,2025,0.0,19.5,16.5,0.0
